,Unnamed: 0,lat_centre,long_centre,num_venues,venue_iter,venue_id,venue_name,lat_venue,long_venue,category
226,146,43.8663,18.416433333333334,1,0,4bb8dc043db7b713bdb3219a,4 sobe gospođe Safije,43.86415323673824,18.41479205634823,Modern European Restaurant
76,76,43.85856092933239,18.432881132006077,43,40,4c1a03a64ff90f47ebba1049,Inat kuća,43.858552069503745,18.434253931045532,Middle Eastern Restaurant
168,88,43.8563,18.416433333333334,18,15,4c5010c4f080a5935441e1e1,Restaurant Tavola,43.85837413998693,18.419952392578125,Italian Restaurant
68,68,43.85856092933239,18.432881132006077,43,32,4c6174141e5cd13a3d0aa4ed,Buregdžinica ASDŽ,43.85900363798363,18.431556545506,Eastern European Restaurant
5,5,43.85856092933239,18.426652201327254,32,1,4cc1e8e1806246883ced252f,Karuzo,43.860009428569285,18.424448684793557,Mediterranean Restaurant
123,43,43.8463,18.389766666666667,1,0,4d0283e99d33a14368ffad78,Restaurant Lights,43.85050717297303,18.391336307792834,Eastern European Restaurant
134,54,43.8563,18.4031,20,1,4d0ca3a71f6bf04d11877831,Vapiano,43.856049186682434,18.405974548749754,Mediterranean Restaurant
116,36,43.8463,18.349766666666667,2,0,4d6986c82acd6ea82a4c3bc0,Forum podgorica,43.84626234728304,18.350532380244797,Mediterranean Restaurant
164,84,43.8563,18.416433333333334,18,11,4d9c580a7958f04d9154fcf9,Pasta Zen,43.855387833325786,18.416287045848094,Asian Restaurant
78,78,43.85856092933239,18.432881132006077,43,42,4da04078e8a6721e1d1b33a5,Cevabdzinica Hodzic,43.858983465948256,18.432010012370288,Eastern European Restaurant
136,56,43.8563,18.4031,20,3,4da7ff00f7b12d2d9a013450,Ćevabdžinica MRKVA - Grbavica,43.85185991416624,18.4028542098164,Eastern European Restaurant
121,41,43.8463,18.37643333333333,5,3,4dac37ada86e771ea748c2fa,Ragazzi,43.84607083659754,18.379632037175053,Italian Restaurant
179,99,43.8563,18.429766666666666,50,8,4ddeb889d16415421849ae40,Barhana Restaurant & Grapperia,43.859717689025146,18.429715209195145,Italian Restaurant
230,150,43.8763,18.429766666666666,1,0,4e63796b52b1260c138fd34d,Minjo,43.872622744582245,18.431283632710205,Eastern European Restaurant
228,148,43.8763,18.4031,1,0,4e71c7f1e4cd7aa6d6f4f693,Restoran Aroma,43.879728,18.399254,Italian Restaurant
103,23,43.8263,18.349766666666667,1,0,4e775ef9483b0cf5ed9631e8,Pizza Company Sarajevo,43.82938790326907,18.345279687663826,Italian Restaurant
118,38,43.8463,18.37643333333333,5,0,4e8e0fa26c255231f526e05c,Ćevabdžinica Zmaj,43.84913747380433,18.378212519353745,Eastern European Restaurant
114,34,43.8463,18.3231,1,0,4ea9214e9a522efffb758d40,Restoran Terasa,43.84624275468622,18.32442249089869,Eastern European Restaurant
137,57,43.8563,18.4031,20,4,4eb3d91f61af0dda8fa29dbf,Milkman,43.852699516678044,18.399917253396747,American Restaurant
227,147,43.8663,18.429766666666666,1,0,4eb3ff2d469073bbc581a035,Buregdzinica Islami,43.86286163330078,18.42765045166016,Eastern European Restaurant
156,76,43.8563,18.416433333333334,18,3,4ee4854e754a7cc6f60988f7,BexX,43.85854062476085,18.416640715954628,Eastern European Restaurant
125,45,43.8563,18.37643333333333,2,0,4ef4b6fcbe7b8420bbf21e0f,Taj Mahal,43.8536894115079,18.37827742416778,Indian Restaurant
166,86,43.8563,18.416433333333334,18,13,4ef8818a2c5b044501b14d75,Cevabdzinica Vucko,43.857872009277344,18.41830825805664,Eastern European Restaurant
144,64,43.8563,18.4031,20,11,4f55fafde4b03dd8a4fb04ab,Trattoria Roma,43.85247359621882,18.40161399765324,Italian Restaurant
222,142,43.8663,18.4031,5,1,4f64962de4b0ce431d391e63,Restoran TIM,43.865006,18.407869,Eastern European Restaurant
150,70,43.8563,18.4031,20,17,4f6c53b4e4b03b575b130c6e,Jasel,43.85875,18.40212,Asian Restaurant
120,40,43.8463,18.37643333333333,5,2,4f7440ace4b0aef72bc05c02,Buregdžinica AS,43.84749000854568,18.375217315915307,Fast Food Restaurant
97,17,43.8263,18.309766666666672,14,12,4f8bf7aae4b07efba01a7603,Ortaköy Kumpir,43.829188393866616,18.307884172784238,Fast Food Restaurant
75,75,43.85856092933239,18.432881132006077,43,39,4f912160e4b0a11ed0cf9bb4,Zeytin,43.859805297146785,18.430906534194946,Turkish Restaurant
85,5,43.8263,18.309766666666672,14,0,4f993d05e4b05c77b84e4974,Restoran Orange,43.82925105264936,18.30763674596639,Mediterranean Restaurant
128,48,43.8563,18.389766666666667,6,1,4fb382f8e4b0886e0013f1f1,Trattoria Uno,43.853492467460335,18.390049253788987,Italian Restaurant
145,65,43.8563,18.4031,20,12,4fce8537e4b083992e45233a,Mutvak,43.85621909105653,18.40833372561722,Eastern European Restaurant
131,51,43.8563,18.389766666666667,6,4,4fdb06cce4b015c11daf768d,Jam - pita ispod saca,43.8542648167029,18.38896526276818,Eastern European Restaurant
127,47,43.8563,18.389766666666667,6,0,4fdc906be4b0ec5a8edf4462,The Brasserie @ Hotel Bristol,43.85244719969817,18.389861100627726,French Restaurant
108,28,43.8363,18.296433333333333,1,0,4fef5cc5e4b038983ce2c3fb,Çjenovnik deck's “M.Dvori” pizzeria,43.83867,18.294564,Italian Restaurant
111,31,43.8363,18.336433333333336,2,0,500926efe4b04e15478f097c,Kedas Restoran,43.83395792568219,18.339653724362762,Eastern European Restaurant
28,28,43.85856092933239,18.426652201327254,32,24,50311087e4b0e2ee60bb5d87,Aeroplan Restaraunt,43.85924562901963,18.428245164432365,American Restaurant
160,80,43.8563,18.416433333333334,18,7,5051e13ee4b01a36043c2547,Sarajka,43.85847358721223,18.41650694136277,Eastern European Restaurant
82,2,43.8163,18.3631,1,0,5079bf7de4b0bf54e1ab2c3c,Rostiljnica Pajic,43.81883164325557,18.361511463209343,Eastern European Restaurant
25,25,43.85856092933239,18.426652201327254,32,21,508d5b2be4b01167ebbf2812,Morocco Restaurant,43.85892859838636,18.426131678624486,Moroccan Restaurant
105,25,43.8263,18.3631,2,1,50942363e4b03c3d2e406438,Филипово Огньище,43.82802200317383,18.366670608520508,Eastern European Restaurant
90,10,43.8263,18.309766666666672,14,5,50d46238e4b07653d17eb108,Yeşil Bursa Kokoreççisi,43.830327000000004,18.307088,Turkish Restaurant
69,69,43.85856092933239,18.432881132006077,43,33,50e7121fe4b0353288f13858,Libanski Restoran,43.85897989241208,18.431888559836292,Middle Eastern Restaurant
143,63,43.8563,18.4031,20,10,510f91e4e4b04d5bba984df3,Tratoria Duo,43.85769047789618,18.4072781964397,Italian Restaurant
101,21,43.8263,18.336433333333336,4,2,5128f903e4b08ef05f67dc21,Tetkanın Tavukcu Dükkanı,43.829384999999995,18.33324,Eastern European Restaurant
74,74,43.85856092933239,18.432881132006077,43,38,5136245be4b0303cb622b778,Insan Olan Halden Anlar - THC,43.85894393920898,18.43162727355957,Korean Restaurant
165,85,43.8563,18.416433333333334,18,12,513f675be4b00444b32a8e99,Klub Slovenaca,43.855939406224614,18.412044718541384,Mediterranean Restaurant
157,77,43.8563,18.416433333333334,18,4,514b1d82e4b02a29bc44da44,SUR Preporod,43.857502000000004,18.422334,Mediterranean Restaurant
138,58,43.8563,18.4031,20,5,514d52d9e4b069b90272bfcf,El Toro,43.856395,18.403819,Argentinian Restaurant
142,62,43.8563,18.4031,20,9,51608367e4b09c0b62a5db40,Ranieri,43.858399193646925,18.401746002133496,Italian Restaurant
113,33,43.8363,18.469766666666672,1,0,518e1bd9498e4900b3ade7fd,Restoran Brus,43.83383135175191,18.46617249551032,Eastern European Restaurant
162,82,43.8563,18.416433333333334,18,9,519fc066498e2fab739fe05f,Caballero,43.85972611606993,18.41489299876934,Mexican Restaurant
115,35,43.8463,18.336433333333336,1,0,51a9cb32498e9e3a619720d3,Ćevabdžinica Nera,43.844081663889376,18.340565365589864,Eastern European Restaurant
30,30,43.85856092933239,18.426652201327254,32,26,51ab7965498e120ead1f65b2,Ascinica Ur Bosna,43.85892649183426,18.42877491622786,Eastern European Restaurant
225,145,43.8663,18.4031,5,4,51acc06e498e5c2e4b8798aa,Global food (Kod Bize),43.86972372257326,18.40621397795284,Mediterranean Restaurant
229,149,43.8763,18.416433333333334,1,0,51d2f2ec498eab1540047521,AROMA,43.874420166015625,18.41213035583496,Italian Restaurant
79,79,43.8540390706676,18.432881132006077,1,0,5205263e11d2786f0dda3dbb,مطعم الاميرة,43.85371,18.435938,Cuban Restaurant
86,6,43.8263,18.309766666666672,14,1,5220e27511d273f0df84c73e,MANDI KUWAITY FOOD,43.82920198857627,18.307253325718058,Middle Eastern Restaurant
223,143,43.8663,18.4031,5,2,522a16c311d2702c73985be1,Restoran Čiko,43.86340030491133,18.4075267894476,Eastern European Restaurant
224,144,43.8663,18.4031,5,3,522b39db2fc6568820a1042a,Restoran Čiko,43.86831417088476,18.40766787528992,Mediterranean Restaurant
159,79,43.8563,18.416433333333334,18,6,5265223211d23ef70f13b3fa,Buregdzinica Oklagija,43.857895368968364,18.41923417426377,Eastern European Restaurant
149,69,43.8563,18.4031,20,16,528530b211d2893d0c019c4a,Caffe Pizzeria Bell,43.85224776422369,18.40172656250607,Italian Restaurant
158,78,43.8563,18.416433333333334,18,5,52c709e5498e383096b9b411,Buregdzinica Sarajka,43.85806129165887,18.416810603221336,Eastern European Restaurant
88,8,43.8263,18.309766666666672,14,3,52deadfd11d26012d7214d42,abojadallh,43.82918930053711,18.308002471923828,Arepa Restaurant
35,35,43.85856092933239,18.426652201327254,32,31,53245a40498eaebcc47ee5b0,Olimpik Buregdžinica,43.859036392921325,18.42471648007765,Eastern European Restaurant
107,27,43.8263,18.469766666666672,1,0,53382868498e4a97687f3200,Trebevićki raj,43.830688152797705,18.470235941905,Eastern European Restaurant
140,60,43.8563,18.4031,20,7,533ff75c498e331b62f5c3da,Pasta Bene,43.85549731736957,18.407518633181066,Italian Restaurant
23,23,43.85856092933239,18.426652201327254,32,19,53837893498e907db35029b3,Carpaccio,43.859946,18.428067000000002,Italian Restaurant
132,52,43.8563,18.389766666666667,6,5,5395fd0f498e5e3ad1bd623f,fantasia pizza & club,43.853228,18.387535999999997,Polish Restaurant
141,61,43.8563,18.4031,20,8,539dcf12498e709d5f04aea5,OneBis,43.85559072694097,18.40737597774812,Eastern European Restaurant
154,74,43.8563,18.416433333333334,18,1,53b04271498ef536313c4b3a,Nostra Cucina,43.85858909643489,18.420862672980878,Italian Restaurant
96,16,43.8263,18.309766666666672,14,11,53b0554d498e1475af0f850d,Bey Kebab,43.83022155421478,18.30857553406413,Turkish Restaurant
112,32,43.8363,18.336433333333336,2,1,5401e7e3498ed19800df7b8d,Alija,43.83797104152086,18.340435508739887,Turkish Restaurant
133,53,43.8563,18.4031,20,0,54073bee498e5c93795dbaac,Kimono,43.85544611664898,18.40722082663838,Sushi Restaurant
122,42,43.8463,18.37643333333333,5,4,5422c90f498e4b92c8c53893,Fabrika dobre hrane,43.847643284989516,18.37440823759969,Eastern European Restaurant
22,22,43.85856092933239,18.426652201327254,32,18,546f705f498e2f92c97412e0,Sestre,43.85883007600542,18.42870810491463,Eastern European Restaurant
221,141,43.8663,18.4031,5,0,54738806498e96a8904a8642,Ristorante Fiori,43.863074485700366,18.404984778556692,Italian Restaurant
139,59,43.8563,18.4031,20,6,54a19fd7498e1c9f0eede7df,BonAppetit,43.85753208181524,18.404873024466863,Modern European Restaurant
84,4,43.8263,18.296433333333333,2,1,54ccd25c498ed2bdfc403db7,Fijaker,43.82484347054572,18.30194351633791,Eastern European Restaurant
129,49,43.8563,18.389766666666667,6,2,55239ecc498e7155ce866409,Naša Priča,43.854463,18.387887,Italian Restaurant
146,66,43.8563,18.4031,20,13,5560b991498e9728a5bace43,macaroni,43.85547103868357,18.405585623843105,Arepa Restaurant
92,12,43.8263,18.309766666666672,14,7,55759ad2498e7ea8d5a053c7,skyline,43.8301,18.308614000000002,American Restaurant
80,0,43.8163,18.309766666666672,1,0,557b339e498efae711d0ee81,Istanbul Garden,43.81544960789479,18.31449388168473,Turkish Restaurant
106,26,43.8263,18.37643333333333,1,0,56367005498e2c8761b6d3ac,My Name Is Luka,43.82947187174496,18.372576935663787,Eastern European Restaurant
147,67,43.8563,18.4031,20,14,56672d1c498ef6420030ebc2,The Castle Restaurant,43.856229949266044,18.405294801163468,Middle Eastern Restaurant
34,34,43.85856092933239,18.426652201327254,32,30,56718d5e498ee3307eb076af,Zdrava Voda,43.858474970188034,18.426874632372094,Eastern European Restaurant
94,14,43.8263,18.309766666666672,14,9,5671ca47498e0bde0a54c9c7,Restoran Nova Bentbaša,43.82887449993701,18.30881879412333,Eastern European Restaurant
27,27,43.85856092933239,18.426652201327254,32,23,5671d077498ec12069018f4e,Nacionalni Restoran,43.85857,18.42739,Turkish Restaurant
33,33,43.85856092933239,18.426652201327254,32,29,5671dc67498eebb160f73baf,Hotel Europe Restaurant,43.85864825781842,18.427682072494232,Modern European Restaurant
99,19,43.8263,18.336433333333336,4,0,56730ac8498ec6ca304ce378,Lunch 2,43.82549,18.336172,Eastern European Restaurant
109,29,43.8363,18.3231,2,0,56fe96b9498ecf771bc0fb1d,İstanbul Çiğköfte,43.83927450470854,18.325851450084286,Turkish Restaurant
71,71,43.85856092933239,18.432881132006077,43,35,56ffcd53498ebc7e79475c2d,Turkuaz Baščaršija,43.859002578225926,18.432352842439325,Turkish Restaurant
31,31,43.85856092933239,18.426652201327254,32,27,570284b3498e270fa8ed7a5e,Stare Zalogajnica,43.860334,18.425053,Hungarian Restaurant
231,151,43.8963,18.349766666666667,1,0,57b2ff30498e4b23af7ffa4a,"Restoran Club ""D""",43.899665999999996,18.348178,Italian Restaurant
95,15,43.8263,18.309766666666672,14,10,58a37da25e56b4730c40b383,Zeyno Kitchen,43.828848953057296,18.30809180644033,Turkish Restaurant
83,3,43.8263,18.296433333333333,2,0,591c71a9e65d0c73e343f021,Ćevabžinica  Braća Zmajevi,43.830086,18.296421,Eastern European Restaurant
119,39,43.8463,18.37643333333333,5,1,595c002c35d3fc2a960577bd,Pasha Döner,43.848290000000006,18.378733,Doner Restaurant
98,18,43.8263,18.309766666666672,14,13,598cb2d8c0cacb28d86c14a4,La Terrazza,43.829246999999995,18.306893,Italian Restaurant
91,11,43.8263,18.309766666666672,14,6,598cb39bc4df1d322fe65f02,La terrazza,43.829308000000005,18.307149,Italian Restaurant
32,32,43.85856092933239,18.426652201327254,32,28,59905a2c9746170f86567131,Marrakech,43.858589,18.429727,Moroccan Restaurant
89,9,43.8263,18.309766666666672,14,4,59a7134312f0a9685e142102,مطعم عمر التركي,43.829116,18.30806,Turkish Restaurant
93,13,43.8263,18.309766666666672,14,8,59e4d1fdf79faa17c356347b,El Šam Restoran,43.829159999999995,18.308243,Middle Eastern Restaurant
161,81,43.8563,18.416433333333334,18,8,59fc394cacc5f50cfab9d54b,Restoran Amerikanac Sarajevo,43.85828130698478,18.418262600898746,American Restaurant
169,89,43.8563,18.416433333333334,18,16,5a4252727dc9e11be2d5600b,Da Vincenzo,43.855246,18.418854,Italian Restaurant
72,72,43.85856092933239,18.432881132006077,43,36,5a676a2c2632ec04b375a3f9,Restoran STAKLO,43.858990000000006,18.431507999999997,Eastern European Restaurant
148,68,43.8563,18.4031,20,15,5ab794360a08ab3d01920242,Čevapdžinica AB,43.859882,18.399875,Eastern European Restaurant
167,87,43.8563,18.416433333333334,18,14,5adc64a4e7a23763193db0ae,Manola,43.859061,18.419381,Bosnian Restaurant
100,20,43.8263,18.336433333333336,4,1,5af92edd2d270e001cd22172,Restaurant of Sarajevo International Airport,43.827354,18.335022,Eastern European Restaurant
102,22,43.8263,18.336433333333336,4,3,5af92ede7dc9e1002c1f2027,Restoran,43.827354,18.335022,Eastern European Restaurant
110,30,43.8363,18.3231,2,1,5b127f2b67a9fe00394b0131,Restoran Aket,43.838581,18.318718,Malay Restaurant
155,75,43.8563,18.416433333333334,18,2,5b8a8f24a0215b002c67e543,Snogu: Street Wok Bar,43.856077,18.420485,Asian Restaurant
70,70,43.85856092933239,18.432881132006077,43,34,5c7d498bd176e900255a2bf1,Kaiser Knedele,43.858958,18.431677,Dumpling Restaurant
151,71,43.8563,18.4031,20,18,5d53063d034b820008e78f8b,ostaju samo mrvice,43.855579,18.407467,Italian Restaurant
126,46,43.8563,18.37643333333333,2,1,5e21dec28a7ff500076143c8,Buon Gusto,43.852478000000005,18.378946,Italian Restaurant
130,50,43.8563,18.389766666666667,6,3,5ef3de5692153a0008858901,Monarch,43.853592,18.391717,Mediterranean Restaurant
117,37,43.8463,18.349766666666667,2,1,5f61d7272a9e7b291c303bd2,Ćevabdžinica Zmaj,43.846584,18.350534,Bosnian Restaurant
170,90,43.8563,18.416433333333334,18,17,5f9463587b99b030b0c6b0ad,Bistro Simbioza,43.856623,18.418457,Comfort Food Restaurant
